EMPRESA RAZÓN SOCIAL,EMPRESA RUT,col_3,col_4,COMUNA,col_6,FECHA EJECUTORIA,col_8,HECHOS,MONTO MULTA
SERVICIOS MEDICOS DEL BIO BIO LTDA,76686200-4,,TALCAHUANO,,16-01-2025,,"No proporcionar o no llevar un control estricto del cumplimiento de la capacitación necesaria y adecuada a su edad, para que pueda desarrollar sus labores en forma segura y saludable, respecto de adolescente con edad para trabajar.",,UTM 20.00
,,,,,,,"No remitir copia de los factores de riesgo y de las medidas de prevención específicas, respecto de adolescentes con edad para trabajar, a las personas o entidades que dieron la autorización para celebrar el contrato de trabajo, de conformidad al artículo 14 letra b) del Código del Trabajo.",,UTM 20.00
WILFREDO FUENTES FIGUEROA,7852439-1,,BUIN,,09-04-2025,,"Contratar a adolescentes con edad para trabajar, en actividades consideradas como peligrosas por su naturaleza y/o condición",,UTM 20.00
CIRCULUM INGENIERIA Y CONSTRUCCION SPA,77687145-1,,SAN FELIPE,,21-04-2025,,"No registrar o registrar fuera de plazo el contrato de trabajo y sus modificaciones o anexos, si los hubiere, de niño, niña o adolescente sin edad para trabajar, en el sitio electrónico de la Dirección del Trabajo.",,UTM 10.00
,,,,,,,"No evaluar o no incorporar en la matriz de identificación de peligros y evaluación de riesgos de la empresa, la evaluación del puesto de trabajo en el que se desempeñará un niño, niña o adolescente sin edad para trabajar.",,UTM 10.00
,,,,,,,"Contratar a niños, niñas y adolescentes sin edad para trabajar, en actividades distintas a las señaladas en el Artículo 16 del Código del Trabajo.",,UTM 25.00
,,,,,,,"No cumplir con las reglas especiales para contratar a un niño, niña o adolescente sin edad para trabajar, respecto de su escolaridad.",,UTM 10.00
