EMPRESA RAZÓN SOCIAL,EMPRESA RUT,col_3,col_4,COMUNA,col_6,FECHA EJECUTORIA,col_8,HECHOS,MONTO MULTA
SOCIEDAD AGRICOLA GANADERA FORESTAL SAN JOSE LIMITADA,78129570-1,,COLLIPULLI,,08-05-2025,,"No evaluar o no incorporar en la matriz de identificación de peligros y evaluación de riesgos de la empresa, la evaluación del puesto de trabajo en el que se desempeñará un adolescente con edad para trabajar.",,UTM 128.00
MARGARITA BECERRA ORELLANA,13349416-2,,SAN FERNANDO,,18-05-2025,,"No evaluar o no incorporar en la matriz de identificación de peligros y evaluación de riesgos de la empresa, la evaluación del puesto de trabajo en el que se desempeñará un adolescente con edad para trabajar.",,UTM 16.00
SOCIEDAD COMERCIAL Y SERVICIOS GASTRONOMICOS FYC SPA,76976563-8,,CHONCHI,,24-04-2025,,"No incorporar en el contrato de trabajo de adolescente con edad para trabajar, además de lo establecido en el artículo 10 del Código del Trabajo, la información señalada en las letras a. a la g., del N° 1 del Artículo 6° del D.S. N° 1, de 2021, de los Ministerios del Trabajo y Previsión Social y de Salud.",,UTM 16.00
ERPEL RADEMACHER PATRICIO,7471892-2,,MELIPILLA,,05-05-2025,,"No incorporar en el contrato de trabajo de adolescente con edad para trabajar, además de lo establecido en el artículo 10 del Código del Trabajo, la información señalada en las letras a. a la g., del N° 1 del Artículo 6° del D.S. N° 1, de 2021, de los Ministerios del Trabajo y Previsión Social y de Salud.",,UTM 50.00
,,,,,,,"No remitir copia de los factores de riesgo y de las medidas de prevención específicas, respecto de adolescentes con edad para trabajar, a las personas o entidades que dieron la autorización para celebrar el contrato de trabajo, de conformidad al artículo 14 letra b) del Código del Trabajo.",,UTM 50.00
,,,,,,,Permitir el trabajo de adolescentes con edad para trabajar en horario nocturno en establecimientos industriales y comerciales.,,UTM 50.00
