EMPRESA RAZÓN SOCIAL,EMPRESA RUT,col_3,col_4,COMUNA,col_6,FECHA EJECUTORIA,col_8,HECHOS,MONTO MULTA
,,,,,,,"No dar estricto cumplimiento a la obligación de informar los factores de riesgo laboral a los que se expondrán niños, niñas o adolescentes sin edad para trabajar y a las medidas de prevención específicas que se deberán adoptar para su protección.",,UTM 10.00
FULL ASISTENCIA S.A.,96992110-3,,PROVIDENCIA,,09-01-2025,,"No evaluar o no incorporar en la matriz de identificación de peligros y evaluación de riesgos de la empresa, la evaluación del puesto de trabajo en el que se desempeñará un adolescente con edad para trabajar.",,UTM 80.00
,,,,,,,"No incorporar en el contrato de trabajo de adolescente con edad para trabajar, además de lo establecido en el artículo 10 del Código del Trabajo, la información señalada en las letras a. a la g., del N° 1 del Artículo 6° del D.S. N° 1, de 2021, de los Ministerios del Trabajo y Previsión Social y de Salud.",,UTM 80.00
INMOBILIARIA E INVERSIONES ZHAOBI ZHU EIRL,76309514-2,,SANTIAGO,,10-03-2025,,"Contratar a adolescentes con edad para trabajar, en actividades consideradas como peligrosas por su naturaleza y/o condición",,UTM 8.00
,,,,,,,"No evaluar o no incorporar en la matriz de identificación de peligros y evaluación de riesgos de la empresa, la evaluación del puesto de trabajo en el que se desempeñará un adolescente con edad para trabajar.",,UTM 8.00
,,,,,,,"No registrar o registrar fuera de plazo el contrato de trabajo y sus modificaciones o anexos, si los hubiere, de niño, niña o adolescente sin edad para trabajar, en el sitio electrónico de la Dirección del Trabajo.",,UTM 16.00
AGRICOLA DOMINGA SPA,77881789-6,,LOS ANGELES,,29-04-2025,,"No evaluar o no incorporar en la matriz de identificación de peligros y evaluación de riesgos de la empresa, la evaluación del puesto de trabajo en el que se desempeñará un adolescente con edad para trabajar.",,UTM 16.00
